ball	computer	beautiful	funny	happy	talk	quickly
The children played joyfully in the park, chasing after the vibrant red ball.	The programmer spent hours debugging the software on his computer.	With each stroke of the brush, the artist unveiled a masterpiece, revealing a world of colors that culminated in something truly beautiful.	The clown's antics at the circus were incredibly amusing and downright funny.	As the sun set behind the mountains, a feeling of contentment washed over them, leaving them feeling happy.	After the meeting, we'll need to sit down and have a serious talk.	He replied to my letter very quickly.
The basketball player dribbled down the court, eyeing the hoop as he prepared to shoot the ball.	The engineer meticulously assembled the components of the powerful computer.	With a gentle touch, the sculptor chiseled away at the marble, gradually unveiling the form of a goddess that stood before them, radiant and breathtakingly beautiful.	Despite his serious demeanor, his occasional jokes always landed as funny.	Surrounded by loved ones, they celebrated their anniversary with laughter and joy, feeling overwhelmingly happy.	Once you've finished your presentation, we can open the floor for questions and talk.	He respond quickly.
At the pet store, the playful puppy eagerly chased after the bouncing ball.	She marveled at the sleek design of her new laptop computer.	Lost in the melody of the song, she closed her eyes and let herself be carried away by the lyrics, feeling the music resonate deep within her soul, reminding her that life is indeed beautiful.	Watching a puppy try to chase its tail is always strangely funny.	With each step they took along the sandy shore, their spirits lifted, and they couldn't help but feel happy.	We can't keep avoiding this, sooner or later we'll have to sit down and talk.	I ate quickly.
The scientist studied the behavior of the pendulum as it swung back and forth like a ball.	The artist utilized specialized software to create stunning digital artwork on her computer.	Their love story unfolded like a fairy tale, culminating in a wedding ceremony that was nothing short of absolutely beautiful.	The way he imitated his boss's voice was uncannily funny.	The aroma of freshly baked cookies filled the kitchen, instantly putting a smile on their faces and making them feel happy.	I appreciate your input, and I think it's crucial for us to have this talk.	He runs so quickly.
The artist meticulously painted a still life, capturing the reflective surface of a glass ball.	Gamers worldwide compete in eSports tournaments showcasing their skills on the computer.	I am so beautiful.	The comedian's witty observations about everyday life were both insightful and funny.	Receiving unexpected good news, they couldn't contain their excitement and danced around the room, feeling deliriously happy.	If there's anything on your mind, don't hesitate to reach out - I'm always here for a chat and a talk.	The class ended too quickly.
The astronaut floated weightlessly in space, gently tossing a spherical water droplet, resembling a tiny ball.	The music producer crafted intricate beats and melodies using specialized software on his computer.	0	The awkward dance moves he exhibited at the party were embarrassingly funny.	After months of hard work, they finally completed the project and felt a sense of accomplishment wash over them, leaving them feeling happy.	0	I walked to work quickly.
The physicist explained the concept of gravitational attraction using a model of a planet as a massive ball.	My mother bought me a new computer.	0	The stand-up comedian's exaggerated expressions never failed to elicit uproarious laughter; it was simply funny.	Surrounded by the beauty of nature, they took a deep breath of fresh air and felt genuinely happy.	0	Immersing yourself in another language will help you learn it quickly.
The potter shaped a lump of clay into a perfect sphere, preparing to transform it into a decorative ceramic ball.	Many people like to play video games and watch movies on the computer.	0	The comedy movie's slapstick humor had everyone in stitches; it was pure, unadulterated funny.	As they gathered around the dinner table, sharing stories and laughter, they couldn't help but feel happy.	0	I ate quickly.
The marathon runner pushed through the final stretch, focusing on the finish line like a beacon, a red balloon marking the end point like a ball.	The forensic analyst meticulously examined digital evidence stored on the suspect's computer.	0	His attempts at juggling oranges turned into a hilarious spectacle; it was a sight both impressive and funny.	Waking up to the sound of birds chirping outside their window, they started the day feeling refreshed and happy.	0	They left me with nothing, and quickly.
